violation_text,city,frequency
Nonfood Contact Surfaces,boston,5724
Controlling Pests,boston,4530
Floors  Walls and Ceilings-Cleanability,boston,3472
(A) Equipment  Food-Contact Surfaces  Nonfood-Contact Surfaces  and Utensils,boston,2925
System Maintained in Good Repair,boston,2709
(A)(2) and (B) Time/Temperature Control for Safety Food  Hot and Cold Holding,boston,2503
Repairing-Premises  Structures  Attachments  and Fixtures-Methods,boston,2343
Packaged and Unpackaged Food-Separation  Packaging  and Segregation,boston,2295
Cleaning Ventilation Systems  Nuisance and Discharge Prohibition,boston,2219
Wiping Cloths  Use Limitation,boston,2167
Food Storage Containers Identified with Common Name of Food,boston,2105
Maintaining Premises  Unnecessary Items and Litter,boston,2047
Food Storage-Preventing Contamination from the Premises,boston,2032
(A)-(P) Person-In-Charge-Duties,boston,1993
Using a Handwashing Sink-Operation and Maintenance,boston,1986
Nonfood-Contact Surfaces,boston,1967
Hand Drying Provision,boston,1833
In-Use Utensils  Between-Use Storage,boston,1780
Surface Characteristics-Indoor Areas,boston,1710
Ventilation Hood Systems  Filters,boston,1708
Good Repair and Proper Adjustment-Equipment,boston,1663
Sanitizing Solutions  Testing Devices,boston,1470
(A) Certified Food Protection Manager,boston,1317
Ready-To-Eat Time/Temperature Control for Safety Food  Date Marking,boston,1262
(B) and (C) Equipment  Food-Contact Surfaces  Nonfood-Contact Surfaces  and Utensils,boston,1240
Outer Openings  Protected,boston,1200
Cutting Surfaces,boston,1163
Handwashing Signage,boston,1126
Handwashing Cleanser  Availability,boston,1103
Consumption of Animal Foods that are Raw  Undercooked  or Not Otherwise Processed to Eliminate Pathogens,boston,1096
Miscellaneous Sources of Contamination,boston,1076
Effectiveness-Hair Restraints,boston,976
Clean-up of Vomiting and Diarrheal Events,boston,967
Manual and Mechanical Warewashing Equipment  Chemical Sanitization-Temperature  pH  Concentration and Hardness,boston,943
(A)(1) Time/Temperature Control for Safety Food  Hot and Cold Holding,boston,906
Temperature Measuring Devices-Functionality,boston,889
Temperature Measuring Devices  Manual and Mechanical Warewashing,boston,879
Cleaning  Frequency and Restrictions,boston,747
Food Labels,boston,745
(A)  (B) and (C)(1)  (4)-(16) Demonstration,boston,723
Removing Dead or Trapped Birds  Insects  Rodents and other Pest,boston,706
Cleaning Floors  Dustless Methods,boston,669
Maintaining Refuse Areas and Enclosures,boston,658
Thawing,boston,607
Shell stock  Maintaining Identification,boston,578
Common Name-Working Containers,boston,577
Walls and Ceilings  Attachments,boston,566
Cooling  Heating  and Holding Capacities-Equipment,boston,519
Outside Receptacles,boston,515
Segregation and Location-Distressed Merchandise,boston,512
Prohibiting Animals,boston,511
Cleaning of Plumbing Fixtures,boston,491
Characteristics-Materials for Construction and Repair,boston,487
Wall and Ceiling Coverings and Coatings,boston,475
When to Wash,boston,469
Toilet Room Receptacle  Covered,boston,445
Intensity-Lighting,boston,430
Service Sink,boston,429
Preventing Contamination from Hands,boston,414
Sponges Use Limitation,boston,413
Food-Contact Surfaces-Cleanability,boston,400
Discarding or Reconditioning Unsafe  Adulterated  or Contaminated Food,boston,399
Conformance with Approved Procedures,boston,377
(A)  (B) and (D) Equipment  Utensils  Linens and Single-Service and Single-Use Articles Storing,boston,368
Compliance with Food Law,boston,358
(A )Cooling Methods,boston,354
Cleaning Agents and Sanitizers  Availability,boston,353
Food Storage  Prohibited Areas,boston,342
Equipment Food-Contact Surfaces and Utensils-Frequency,boston,341
Mechanical Warewashing Equipment  Hot Water Sanitization Temperatures,boston,338
Drying Mops,boston,309
Backflow Prevention  Air Gap,boston,306
Food Temperature Measuring Devices,boston,299
Anti-Choking,boston,296
Cleaning Procedure,boston,285
Covering Receptacles,boston,283
Receptacles,boston,280
Warewashing Machines  Temperature Measuring Devices,boston,278
Light Bulbs  Protective Shielding,boston,272
(A) and (C) Good Repair and Calibration-Utensils and Temperature and Pressure Measuring Devices,boston,268
Cooling,boston,263
Safe  Unadulterated and Honestly Presented,boston,262
Cleaning Receptacles,boston,250
Grease Trap,boston,243
Sanitizers  Criteria-Chemicals,boston,241
Storing Maintenance Tools,boston,240
(A) and (C) Equipment  Utensils  Linens and Single-Service and Single-Use Articles-Storing,boston,239
(A) Gloves  Use Limitation,boston,236
Floors  Walls  and Ceilings  Utility Lines,boston,229
Backflow Prevention,boston,224
Backflow Prevention Device  When Required,boston,220
Equipment and Utensils  Air-Drying Required,boston,219
Wood  Use Limitation,boston,204
Handwashing Sinks-Location and Placement,boston,195
(B) Cooling Methods,boston,194
(A) Ceasing Operations and Reporting,boston,192
Floor and Wall Junctures  Coved  and Enclosed or Sealed,boston,186
Cooking and Baking Equipment,boston,184
Drain boards,boston,184
Warewashing Machines  Automatic Dispensing of Detergents and Sanitizers,boston,182
Assignment,boston,174
Handwashing Sinks  Installation,boston,174
Food Preparation,boston,172
Eating  Drinking  or Using Tobacco,boston,166
Toilet Rooms  Enclosed,boston,162
Storage or Display of Food in Contact with Water or Ice,boston,157
Hot Water and Chemical-Methods,boston,154
When a HACCP Plan is Required,boston,148
Where to Wash,boston,148
Handwashing Sinks-Numbers and Capacities,boston,146
Reheating for Hot Holding,boston,136
Prohibitions,boston,133
Standards of Identity,boston,132
Food Display-Preventing Contamination by Consumers,boston,131
Storage Refuse  Recyclables and Returnable,boston,131
Equipment and Utensils-Durability and Strength,boston,130
Manual Warewashing  Sink Compartment Requirements,boston,126
Capacity-Quantity and Availability,boston,125
Ventilation Hood Systems  Adequacy,boston,122
Separation-Storage,boston,120
Frequency-Removal,boston,119
Package Integrity,boston,116
Warewashing Machines  Manufacturers’ Operating Instructions,boston,115
Wiping Cloths  Air Drying Location,boston,113
Heating  Ventilation  Air Conditioning System Vents,boston,112
Warewashing Equipment  Determining Chemical Sanitizer Concentration,boston,107
Washing Fruits and Vegetables,boston,100
Variance Requirement,boston,99
Clean Condition-Outer Clothing,boston,99
Mechanical Warewashing Equipment  Wash Solution Temperature,boston,96
Using Dressing Rooms and Lockers,boston,92
Mechanical-Ventilation,boston,91
Single-Service and Single-Use Articles-Use Limitations,boston,87
Other Liquid Wastes and Rainwater,boston,87
Warewashing Machine  Data Plate Operation Specifications,boston,87
Outdoor Storage Surface,boston,86
Warewashing Sinks and Drain boards  Self-Draining,boston,84
Storage-Other Personal Care Items,boston,81
Reduced Oxygen Packaging  Criteria,boston,76
Food Contact with Equipment  Utensils  and Linens,boston,74
Kitchenware and Tableware-Preventing Contamination,boston,72
Area  Enclosures and Receptacles  Good Repair,boston,72
Non-Continuous Cooking of Raw Animal Foods,boston,71
Time as a Public Health Control ( Pf),boston,69
Conditions of Use,boston,69
Closing Toilet Room Doors,boston,68
Warewashing Equipment  Cleaning Frequency,boston,56
Ice Used as Exterior Coolant  Prohibited as Ingredient,boston,56
Pressure,boston,56
Ventilation Hood Systems  Drip Prevention,boston,56
Storage of Soiled Linens,boston,54
Rodent Bait Stations,boston,54
Surface Characteristics-Outdoor Areas,boston,53
Designation-Dressing Areas and Lockers,boston,51
(C)(2) (3) and (17) Demonstration,boston,48
Warewashing Equipment  Cleaning Agents,boston,47
Insect Control Devices  Design and Installation,boston,47
Equipment  Clothes Washers  Dryers and Storage Cabinets  Contamination Prevention Location,boston,43
Restriction and Storage-Medicines,boston,42
Raw Animal Foods-Cooking,boston,42
Ready-To-Eat Time/Temperature Control for Safety Food  Disposition,boston,41
(A) Consumer Self-Service Operations,boston,40
Frozen Food,boston,38
Exterior Walls and Roofs  Protective Barrier,boston,37
Using Drain Plugs,boston,36
CIP Equipment,boston,36
Temperature Measuring Devices  Food-Accuracy,boston,36
Restricted Use Pesticides  Criteria,boston,36
Before Use After Cleaning,boston,35
Identifying Information  Prominence-Original Containers,boston,34
Handwashing Aids and Devices  Use Restrictions,boston,34
Outdoor Enclosure,boston,33
Manual Warewashing Equipment  Hot Water Sanitization Temperatures,boston,32
Storage Areas  Rooms and Receptacles  Capacity and Availability,boston,32
Dispensing Equipment  Protection of Equipment and Food,boston,31
Warewashing Equipment  Clean Solutions,boston,31
Records  Creation  & Retention,boston,30
Clean condition-Hands and Arms,boston,30
Rinsing Procedures,boston,30
Clean Linens,boston,29
Shucked Shellfish  Packaging and Identification,boston,28
Preset Tableware,boston,28
Other Forms of Information,boston,27
Conveying Sewage,boston,27
Floor Covering  Mats and Duckboards,boston,26
Warewashing Machines  Flow Pressure Device,boston,26
(B) Good Repair and Calibration,boston,26
Warewashing Sinks  Use Limitation,boston,25
Variances,boston,25
Outside Storage Prohibitions,boston,24
Condiments  Protection,boston,24
Honestly Presented,boston,23
Restriction-Presence and Use,boston,23
Molluscan Shellfish  Original Container,boston,23
Toilets and Urinals,boston,23
Characteristics-Single-Service and Single-Use,boston,22
Toilet Tissue  Availability,boston,22
Parasite Destruction,boston,22
Prohibition-Jewelry,boston,22
(A) & (C) Responsibility of Permit Holder  Person in Charge  and Conditional Employees,boston,21
Pressure Measuring Devices  Mechanical Warewashing Equipment,boston,21
Manual Warewashing Equipment  Chemical Sanitization Using Detergent-Sanitizers,boston,20
Kick Plates Removable,boston,20
uspension of Permit / Emergency Closure without a Prior Hearing,boston,19
Floor Carpeting  Restrictions and Installation,boston,19
Cleaning Maintenance Tools  Preventing Contamination,boston,19
Standards-Quality,boston,18
Shells  Use Limitations,boston,18
Designated Areas-Employee Accommodations for eating / drinking/smoking,boston,17
Shell stock Identification,boston,17
Equipment Compartments  Drainage,boston,17
Temperature Measuring Devices  Ambient Air and Water-Accuracy,boston,17
Dry Cleaning-Methods,boston,17
(O) Person in Charge-Duties,boston,16
uspension of Permit with Notice,boston,15
Storage Areas  Redeeming Machines  Receptacles and Waste Handling Units  Location,boston,14
Separation-Storage and Display  Stock and Retail Sale,boston,14
Vended Time/Temperature Control for Safety Food  Original Container,boston,13
Walls and Ceilings  Studs  Joists  and Rafters,boston,13
Backflow Prevention Device  Design Standard,boston,13
Exclusions & Restrictions,boston,13
Ice,boston,13
Linens and Napkins  Use Limitations,boston,13
Bottled Drinking Water,boston,12
(B) & (E) Responsibility of Permit Holder  Person in Charge  and Conditional Employees (Pf ),boston,12
Preventing Contamination When Tasting,boston,12
Warewashing Machines  Internal Baffles,boston,12
Time as a Public Health Control,boston,12
Single-Service and Single-Use Articles  Required Use,boston,12
(B) and (C) Consumer Self-Service Operations,boston,12
Manual Warewashing Equipment  Wash Solution Temperature,boston,11
Approved System and Cleanable Fixtures,boston,11
Restriction and Storage-Medicines ( Pf),boston,11
Can Openers,boston,11
Preclearing,boston,10
Outdoor Walking and Driving Surfaces  Graded to Drain,boston,10
Nonstick Coatings  Use Limitation,boston,10
(B)-(D) Gloves  Use Limitations,boston,10
Poisonous or Toxic Material Containers-Container Prohibitions,boston,10
Tracking Powders  Pest Control and Monitoring,boston,10
Conveniently Located,boston,9
Mechanical Washing,boston,9
Flushing a Waste Retention Tank,boston,8
Equipment Openings  Closures and Deflectors,boston,8
Treating Juice,boston,8
Additives,boston,8
Washing  Procedures for Alternative Manual Warewashing Equipment,boston,8
Outdoor refuse Areas  Curbed and Graded to Drain,boston,8
Cleaning Implements and Supplies,boston,8
Absorbent Materials on Floors  Use Limitation,boston,8
Handling Prohibition-Animals,boston,7
Rinsing Equipment and Utensils after Cleaning and Sanitizing,boston,7
Prohibiting a Cross Connection,boston,7
Backflow Prevention Device  Location,boston,7
Protective Cover or Device,boston,7
Juice Treated-Commercially Processed,boston,6
Refrigerated Medicines  Storage,boston,6
Maintenance-Fingernails,boston,6
Food-Contact Surfaces-Lubricating and Reassembling,boston,6
Microwave Ovens,boston,6
Conditioning Device  Design,boston,5
Receptacles or Vehicles,boston,5
Manual Warewashing Equipment  Heaters and Baskets,boston,5
Documentation of Proposed Variance and Justification,boston,5
(A)  (B)  (C)  (E) and (G) Pasteurized Foods  Prohibited Re-Service  and Prohibited Food,boston,5
Returned Food and Re-service of Food,boston,4
Soiled and Clean Tableware,boston,4
Storage-First Aid Supplies,boston,4
Hot Oil Filtering Equipment,boston,4
Scheduling Inspection and Service for a Water System Device,boston,4
Chemicals for Washing  Treatment  Storage and Processing Fruits and Vegetables  Criteria,boston,4
Ice Units  Separation of Drains,boston,4
Beverage Tubing  Separation,boston,4
System Flushing and Sanitization-Operation and Maintenance,boston,4
Fixed Equipment  Elevation or Sealing,boston,4
Removal  Adjustment  or Retention of Exclusions & Restrictions,boston,4
Outdoor Food Vending Areas. Overhead Protection,boston,4
Shell stock  Condition,boston,3
Time/Temperature Control for Safety Food  Slacking,boston,3
Conditioning Device  Location,boston,3
Protection from Unapproved Additives,boston,2
Backflow Prevention Device  Carbonator,boston,2
Outdoor Servicing Areas  Overhead Protection,boston,2
Approved Sewage Disposal System,boston,2
Using a Pump and Hoses  Backflow Prevention,boston,2
Fish,boston,2
Living or Sleeping Quarters  Separation,boston,2
Specifications-Laundering Frequency,boston,2
Mechanical Warewashing Equipment  Sanitization Pressure,boston,2
Discharges from the Eyes  Nose  and Mouth,boston,2
Private Homes and Living or Sleeping Quarters  Use Prohibition,boston,2
Cast Iron  Use Limitations,boston,2
Galvanized Metal  Use Limitation,boston,2
Case Lot Handling Apparatuses  Movability,boston,2
Hand Antiseptics,boston,2
(D) and (F) Responsibility of Permit Holder  Person in Charge  and Conditional Employees Responsibility of the PIC to Exclude or Restrict,boston,2
Eggs,boston,2
Pasteurized Eggs Substituted for Raw Eggs for Certain Recipes,boston,2
Using Clean Tableware for Second Portions and Refills,boston,2
(D) Pasteurized Foods  Prohibited Re-Service  and Prohibited Foods,boston,2
Prevention of Contamination from Hands,boston,1
Consumer Advisories,boston,1
Hot and Cold Water,boston,1
Installed and Maintained,boston,1
Fixed Equipment  Spacing or Sealing-Installation,boston,1
Temperature,boston,1
Spoilage Unsafe Food,boston,1
Cold Holding,boston,1
Food Protection,boston,1
Non-Food Contact Surfaces Clean,boston,1
Outside Storage Improperly Maintained,boston,1
Improper Maintenance of Floors,boston,1
Premises Maintained,boston,1
"PHYSICAL FACILITIES INSTALLED, MAINTAINED & CLEAN",chicago,28536
"FOOD & NON-FOOD CONTACT SURFACES CLEANABLE, PROPERLY DESIGNED, CONSTRUCTED & USED",chicago,15332
NON-FOOD/FOOD CONTACT SURFACES CLEAN,chicago,12610
ADEQUATE HANDWASHING SINKS PROPERLY SUPPLIED AND ACCESSIBLE,chicago,9326
PLUMBING INSTALLED; PROPER BACKFLOW DEVICES,chicago,9096
ADEQUATE VENTILATION & LIGHTING; DESIGNATED AREAS USED,chicago,8742
"INSECTS, RODENTS, & ANIMALS NOT PRESENT",chicago,8211
ALLERGEN TRAINING AS REQUIRED,chicago,8108
ALL FOOD EMPLOYEES HAVE FOOD HANDLER TRAINING,chicago,6027
FOOD PROPERLY LABELED; ORIGINAL CONTAINER,chicago,5272
"TOILET FACILITIES: PROPERLY CONSTRUCTED, SUPPLIED, & CLEANED",chicago,5231
"CONTAMINATION PREVENTED DURING FOOD PREPARATION, STORAGE & DISPLAY",chicago,5211
CITY OF CHICAGO FOOD SERVICE SANITATION CERTIFICATE,chicago,4530
FOOD-CONTACT SURFACES: CLEANED & SANITIZED,chicago,4461
THERMOMETERS PROVIDED & ACCURATE,chicago,3083
"WAREWASHING FACILITIES: INSTALLED, MAINTAINED & USED; TEST STRIPS",chicago,2954
PROPER COLD HOLDING TEMPERATURES,chicago,2901
WIPING CLOTHS: PROPERLY USED & STORED,chicago,2856
PREVIOUS CORE VIOLATION CORRECTED,chicago,2706
PERSONAL CLEANLINESS,chicago,2439
"PERSON IN CHARGE PRESENT, DEMONSTRATES KNOWLEDGE, AND PERFORMS DUTIES",chicago,2253
IN-USE UTENSILS: PROPERLY STORED,chicago,2181
GARBAGE & REFUSE PROPERLY DISPOSED; FACILITIES MAINTAINED,chicago,2172
"MANAGEMENT, FOOD EMPLOYEE AND CONDITIONAL EMPLOYEE; KNOWLEDGE, RESPONSIBILITIES AND REPORTING",chicago,2149
PROPER COOLING METHODS USED; ADEQUATE EQUIPMENT FOR TEMPERATURE CONTROL,chicago,1884
"UTENSILS, EQUIPMENT & LINENS: PROPERLY STORED, DRIED, & HANDLED",chicago,1866
SINGLE-USE/SINGLE-SERVICE ARTICLES: PROPERLY STORED & USED,chicago,1864
PROCEDURES FOR RESPONDING TO VOMITING AND DIARRHEAL EVENTS,chicago,1394
CONSUMER ADVISORY PROVIDED FOR RAW/UNDERCOOKED FOOD,chicago,1254
SEWAGE & WASTE WATER PROPERLY DISPOSED,chicago,783
MISCELLANEOUS / PUBLIC HEALTH ORDERS,chicago,735
PROPER DATE MARKING AND DISPOSITION,chicago,644
APPROVED THAWING METHODS USED,chicago,638
SUMMARY REPORT DISPLAYED AND VISIBLE TO THE PUBLIC,chicago,627
PREVIOUS PRIORITY FOUNDATION VIOLATION CORRECTED,chicago,609
PROPER HOT HOLDING TEMPERATURES,chicago,571
HOT & COLD WATER AVAILABLE; ADEQUATE PRESSURE,chicago,444
HANDS CLEAN & PROPERLY WASHED,chicago,371
"PROPER EATING, TASTING, DRINKING, OR TOBACCO USE",chicago,364
COMPLIANCE WITH VARIANCE/SPECIALIZED PROCESS/HACCP,chicago,318
NO BARE HAND CONTACT WITH RTE FOOD OR A PRE-APPROVED ALTERNATIVE PROCEDURE PROPERLY ALLOWED,chicago,283
"REQUIRED RECORDS AVAILABLE: SHELLSTOCK TAGS, PARASITE DESTRUCTION",chicago,281
FOOD SEPARATED AND PROTECTED,chicago,229
"TOXIC SUBSTANCES PROPERLY IDENTIFIED, STORED, & USED",chicago,224
VARIANCE OBTAINED FOR SPECIALIZED PROCESSING METHODS,chicago,213
GLOVES USED PROPERLY,chicago,115
COMPLIANCE WITH CLEAN INDOOR AIR ORDINANCE,chicago,75
"FOOD IN GOOD CONDITION, SAFE, & UNADULTERATED",chicago,71
PROPER COOLING TIME AND TEMPERATURE,chicago,62
FOOD OBTAINED FROM APPROVED SOURCE,chicago,46
TIME AS A PUBLIC HEALTH CONTROL; PROCEDURES & RECORDS,chicago,34
PROPER REHEATING PROCEDURES FOR HOT HOLDING,chicago,20
REMOVAL OF SUSPENSION SIGN,chicago,19
"PROPER DISPOSITION OF RETURNED, PREVIOUSLY SERVED, RECONDITIONED & UNSAFE FOOD",chicago,9
WASHING FRUITS & VEGETABLES,chicago,7
FOOD ADDITIVES: APPROVED AND PROPERLY USED,chicago,7
WATER & ICE FROM APPROVED SOURCE,chicago,5
"NO DISCHARGE FROM EYES, NOSE, AND MOUTH",chicago,5
FOOD RECEIVED AT PROPER TEMPERATURE,chicago,4
PROPER USE OF RESTRICTION AND EXCLUSION,chicago,3
PLANT FOOD PROPERLY COOKED FOR HOT HOLDING,chicago,3
PROPER COOKING TIME & TEMPERATURES,chicago,3
PASTEURIZED EGGS USED WHERE REQUIRED,chicago,2
PASTEURIZED FOODS USED; PROHIBITED FOODS NOT OFFERED,chicago,2
"Non-food contact surface or equipment made of unacceptable material, not kept clean, or not properly sealed, raised, spaced or movable to allow accessibility for cleaning on all sides, above and underneath the unit.",nyc,36700
"Establishment is not free of harborage or conditions conducive to rodents, insects or other pests.",nyc,24181
"Food contact surface not properly washed, rinsed and sanitized after each use and following any activity when contamination may have occurred.",nyc,17463
Anti-siphonage or back-flow prevention device not provided where required; equipment or floor not properly drained; sewage disposal system in disrepair or not functioning properly. Condensation or liquid waste improperly disposed of.,nyc,16641
Cold TCS food item held above 41 °F; smoked or processed fish held above 38 °F; intact raw eggs held above 45 °F; or reduced oxygen packaged (ROP) TCS foods held above required temperatures except during active necessary preparation.,nyc,16507
Evidence of mice or live mice in establishment's food or non-food areas.,nyc,14461
"Food, supplies, or equipment not protected from potential source of contamination during storage, preparation, transportation, display, service or from customer’s refillable, reusable container. Condiments not in single-service containers or dispensed directly by the vendor.",nyc,14283
Hot TCS food item not held at or above 140 °F.,nyc,13899
"Filth flies or food/refuse/sewage associated with (FRSA) flies or other nuisance pests in establishment’s food and/or non-food areas. FRSA flies include house flies, blow flies, bottle flies, flesh flies, drain flies, Phorid flies and fruit flies.",nyc,11248
Food Protection Certificate (FPC) not held by manager or supervisor of food operations.,nyc,7177
"Dishwashing and ware washing: Cleaning and sanitizing of tableware, including dishes, utensils, and equipment deficient.",nyc,6527
"Raw, cooked or prepared food is adulterated, contaminated, cross-contaminated, or not discarded in accordance with HACCP plan.",nyc,5749
Live roaches in facility's food or non-food area.,nyc,5100
"No hand washing facility in or adjacent to toilet room or within 25 feet of a food preparation, food service or ware washing area. Hand washing facility not accessible, obstructed or used for non-hand washing purposes. No hot and cold running water or water at inadequate pressure. No soap or acceptable hand-drying device.",nyc,4805
"Pesticide not properly labeled or used by unlicensed individual. Pesticide, other toxic chemical improperly used/stored. Unprotected, unlocked bait station used.",nyc,4688
"Sanitized equipment or utensil, including in-use food dispensing utensil, improperly used or stored.",nyc,4667
"Wiping cloths not stored clean and dry, or in a sanitizing solution, between uses.",nyc,4665
Personal cleanliness is inadequate. Outer garment soiled with possible contaminant. Effective hair restraint not worn where required. Jewelry worn on hands or arms. Fingernail polish worn or fingernails not kept clean and trimmed.,nyc,4620
"Design, construction, materials used or maintenance of food contact surface improper. Surface not easily cleanable, sanitized and maintained.",nyc,3832
"Single service article not provided. Single service article reused or not protected from contamination when transported, stored, dispensed. Drinking straws not completely enclosed in wrapper or dispensed from a sanitary device.",nyc,3219
Evidence of rats or live rats in establishment's food or non-food areas.,nyc,2781
Thawing procedure improper.,nyc,2663
"After cooking or removal from hot holding, TCS food not cooled by an approved method whereby the internal temperature is reduced from 140 °F to 70 °F or less within 2 hours, and from 70 °F to 41 °F or less within 4 additional hours.",nyc,2450
"Accurate thermometer not provided or properly located in refrigerated, cold storage or hot holding equipment",nyc,2193
"“Choking first aid” poster not posted. “Alcohol and Pregnancy” warning sign not posted. Resuscitation equipment: exhaled air resuscitation masks (adult & pediatric), latex gloves, sign not posted.",nyc,2082
Current letter grade or Grade Pending card not posted,nyc,2078
Wash hands sign not posted near or above hand washing sink.,nyc,1974
"Properly scaled and calibrated thermometer or thermocouple not provided or not readily accessible in food preparation and hot/cold holding areas to measure temperatures of TCS foods during cooking, cooling, reheating, and holding.",nyc,1949
"Food, supplies, and equipment not protected from potential source of contamination during storage, preparation, transportation, display or service.",nyc,1807
Contract with a pest management professional not in place. Record of extermination activities not kept on premises.,nyc,1707
Failure to post or conspicuously post healthy eating information,nyc,1599
"Non-food contact surface improperly constructed. Unacceptable material used. Non-food contact surface or equipment improperly maintained and/or not properly sealed, raised, spaced or movable to allow accessibility for cleaning on all sides, above and underneath the unit.",nyc,1554
"Mechanical or natural ventilation not provided, inadequate, improperly installed, in disrepair or fails to prevent and control excessive build-up of grease, heat, steam condensation, vapors, odors, smoke or fumes.",nyc,1503
"Garbage receptacle not pest or water resistant, with tight-fitting lids, and covered except while in active use. Garbage receptacle and cover not cleaned after emptying and prior to reuse. Garbage, refuse and other solid and liquid waste not collected, stored, removed and disposed of so as to prevent a nuisance.",nyc,1366
Facility not vermin proof. Harborage or conditions conducive to attracting vermin to the premises and/or allowing vermin to exist.,nyc,1164
Food worker/food vendor does not use utensil or other barrier to eliminate bare hand contact with food that will not receive adequate additional heat treatment.,nyc,1109
"Tobacco or electronic cigarette use, eating, or drinking from open container in food preparation, food storage or dishwashing area.",nyc,1066
"Toilet facility not maintained or provided with toilet paper, waste receptacle or self-closing door.",nyc,1047
"Food, prohibited, from unapproved or unknown source, home canned or home prepared. Animal slaughtered, butchered or dressed (eviscerated, skinned) in establishment. Reduced Oxygen Packaged (ROP) fish not frozen before processing. ROP food prepared on premises transported to another site.",nyc,1031
"Providing single-use, non-compostable plastic straws to customers without customer request (including providing such straws at a self-serve station)",nyc,973
No approved written standard operating procedure for avoiding contamination by refillable returnable containers.,nyc,906
Food allergy information poster not conspicuously posted where food is being prepared or processed by food workers.,nyc,837
"Insufficient or no hot holding, cold storage or cold holding equipment provided to maintain Time/Temperature Control for Safety Foods (TCS) at required temperatures",nyc,796
Cold food item held above 41º F (smoked fish and reduced oxygen packaged foods above 38 ºF) except during necessary preparation.,nyc,699
"Food not protected from potential source of contamination during storage, preparation, transportation, display or service.",nyc,673
"Swollen, leaking, rusted or otherwise damaged canned food to be returned to distributor not segregated from intact product and clearly labeled DO NOT USE",nyc,662
Hot food item not held at or above 140º F.,nyc,597
Plumbing not properly installed or maintained; anti-siphonage or backflow prevention device not provided where required; equipment or floor not properly drained; sewage disposal system in disrepair or not functioning properly.,nyc,588
"Nuisance created or allowed to exist. Facility not free from unsafe, hazardous, offensive or annoying condition.",nyc,506
"The original nutrition fact labels or ingredient label for a cooking oil, shortening or margarine or food item sold in bulk, or acceptable manufacturer’s documentation not maintained on site.",nyc,474
Failure to display required signage about plastic straw availability,nyc,449
"Food adulterated or misbranded. Adulterated or misbranded food possessed, being manufactured, produced, packed, sold, offered for sale, delivered or given away",nyc,447
"Food contact surface, refillable, reusable containers, or equipment improperly constructed, placed or maintained. Unacceptable material used. Culinary sink or other acceptable method not provided for washing food.",nyc,391
Live animal other than fish in tank or service animal present in facility’s food or non-food area.,nyc,376
Food Protection Certificate not held by supervisor of food operations.,nyc,313
"Juice packaged on premises with no or incomplete label, no warning statement",nyc,297
Hot TCS food item that has been cooked and cooled is being held for service without first being reheated to 165º F or above within 2 hours.,nyc,292
"Lighting fixture located over, by or within food storage, preparation, service or display facility, and facility where utensils and equipment are cleaned and stored, which may shatter due to extreme heat, temperature changes or accidental contact; not fitted with shatterproof bulb or shielded and encased, with end caps or other device.",nyc,279
"Failure to maintain a sufficient supply of single-use, non-compostable plastic straws.",nyc,278
Proper sanitization not provided for utensil ware washing operation.,nyc,232
Personal cleanliness inadequate. Outer garment soiled with possible contaminant. Effective hair restraint not worn in an area where food is prepared.,nyc,223
"Sewage disposal system is not provided, improper, inadequate or unapproved.",nyc,213
"Caloric content not posted on menus, menu boards or food tags, in a food service establishment that is 1 of 15 or more outlets operating the same type of business nationally under common ownership or control, or as a franchise or doing business under the same name, for each menu item that is served in portions, the size and content of which are standardized.",nyc,211
"Time/Temperature Control for Safety (TCS) food not cooked to required minimum internal temperature.   • Poultry, poultry parts, ground and comminuted poultry, all stuffing containing poultry, meats, fish or ratites to or above 165 °F for 15 seconds with no interruption of the cooking process   • Ground meat, and food containing ground and comminuted meat, to or above 158 °F for 15 seconds with no interruption of the cooking process, except per individual customer request  • Pork, any food containing pork to or above 150 °F for 15 seconds  • Mechanically tenderized or injected meats to or above 155 °F.  • Whole meat roasts and beef steak to or above required temperature and time except per individual customer request  • Raw animal foods cooked in microwave to or above165 °F, covered, rotated or stirred   • All other foods to or above 140 °F for 15 seconds; shell eggs to or above 145 °F for 15 seconds except per individual customer request.",nyc,209
"Lighting inadequate; permanent lighting not provided in food preparation areas, ware washing areas, and storage rooms. Shatterproof bulb or shield to prevent broken glass from falling into food or onto surfaces, not installed.",nyc,208
Food Protection Certificate not available for inspection,nyc,205
Pesticide use not in accordance with label or applicable laws. Prohibited chemical used/stored. Open bait station used.,nyc,205
"Food preparation area, food storage area, or other area used by employees or patrons, contaminated by sewage or liquid waste.",nyc,199
"Shellfish not from approved source, not or improperly tagged/labeled; tags not retained for 90 days.",nyc,195
"Toilet facility not provided for employees or for patrons when required. Shared patron-employee toilet accessed through kitchen, food prep or storage area or utensil washing area.",nyc,179
Food contact surface not properly maintained.,nyc,173
Toxic chemical or pesticide improperly stored or used such that food contamination may occur.,nyc,161
"Food not cooled by an approved method whereby the internal product temperature is reduced from 140º F to 70º F or less within 2  hours, and from 70º F to 41º F or less within 4 additional hours.",nyc,157
Equipment used for ROP not approved by the Department,nyc,154
TCS food removed from cold holding or prepared from or combined with ingredients at room temperature not cooled by an approved method to 41 °F or below within 4 hours.,nyc,149
Sign prohibiting smoking or using electronic cigarettes not conspicuously posted.,nyc,148
"Meat, fish, molluscan shellfish, unpasteurized raw shell eggs, poultry or other TCS offered or served raw or undercooked and written notice not provided to consumer.",nyc,146
Hand washing facility not provided in or near food preparation area and toilet room. Hot and cold running water at adequate pressure to enable cleanliness of employees not provided at facility. Soap and an acceptable hand-drying device not provided.,nyc,143
Wiping cloths soiled or not stored in sanitizing solution.,nyc,137
"Flavored tobacco products sold, offered for sale",nyc,137
HACCP plan not approved or approved HACCP plan not maintained on premises.,nyc,136
"Food containing a prohibited substance held, kept, offered, prepared, processed, packaged, or served.",nyc,128
"Additional nutritional information statement not posted, or additional nutritional information not provided",nyc,125
"Required succinct nutritional statements not posted on menu(s) for adults and children (2,000 calories per day for adults)",nyc,114
"Food worker/food vendor does not wash hands thoroughly after using the toilet, or after coughing, sneezing, smoking, eating, preparing raw foods or otherwise contaminating hands or does not change gloves when required; Worker fails to refrain from smoking or being fully clothed in clean outer garments.",nyc,112
"Single service item reused, improperly stored, dispensed; not used when required.",nyc,108
Workplace SFAA policy not prominently posted in workplace.,nyc,107
Harmful noxious gas or vapor detected. Carbon Monoxide (CO) level exceeds nine (9) ppm,nyc,97
Providing single-use plastic stirrers or single-use plastic splash sticks.,nyc,92
"Written Standard Operating Procedure (SOP) approved by the Department for refillable, reusable containers not available at the time of inspection.  Container construction improper",nyc,88
"Appropriately scaled metal stem-type thermometer or thermocouple not provided or used to evaluate temperatures of potentially hazardous foods during cooking, cooling, reheating and holding.",nyc,83
"Unclean or cracked whole eggs or unpasteurized liquid, frozen or powdered eggs kept or used.",nyc,73
"Failure to make a good faith effort to inform smokers or electronic cigarette users of Smoke-Free Air Act (""SFAA"") prohibitions",nyc,68
Hand wash sign not posted,nyc,63
Current letter grade sign not posted.,nyc,53
"Sodium Warning icon not posted on menus, menu boards or food tags for food items that contain 2300mg or more of sodium in a food service establishment that is 1 of 15 or more outlets operating the same type of business nationally under common ownership or control, or as a franchise or doing business under the same name, for each menu item that is served in portions, the size and content of which are standardized",nyc,46
Ashtray present in smoke-free area.,nyc,45
Smoking or electronic cigarette use allowed in prohibited area,nyc,45
"Tobacco use, eating, or drinking from open container in food preparation, food storage or dishwashing area observed.",nyc,41
Expanded Polystyrene (EPS) single service article not designated as a recyclable material.,nyc,37
Sodium Warning statement not posted conspicuously at the point of purchase. “Warning: [icon image] indicates that the sodium (salt) content of this item is higher than the total daily recommended limit (2300 mg). High sodium intake can increase blood pressure and risk of heart disease and stroke.”,nyc,34
Food service operation occurring in room or area used as living or sleeping quarters.,nyc,32
No or inadequate potable water supply. Water or ice not potable or from unapproved source. Bottled water not NY State certified. Cross connection in potable water supply system.,nyc,30
Original label for smoking products sold or offered for sale.,nyc,29
Insufficient or no refrigerated or hot holding equipment to keep potentially hazardous foods at required temperatures.,nyc,27
"No facilities available to wash, rinse and sanitize utensils and/or equipment.",nyc,26
Canned food product observed dented and not segregated from other consumable food items.,nyc,25
"Document issued by the Board of Health, Commissioner or Department reproduced or altered. False, untrue or misleading statement or document made to, submitted or filed with the Department",nyc,22
MISBRANDED AND LABELING,nyc,22
Hot food item that has been cooked and refrigerated is being held for service without first being reheated to 165º F or above within 2 hours.,nyc,21
Food from unapproved or unknown source or home canned. Reduced oxygen packaged (ROP) fish not frozen before processing; or ROP foods prepared on premises transported to another site.,nyc,19
Providing compostable plastic straws to be used outside of the food establishment’s premises; failure to appropriately dispose of compostable plastic straws; failure to maintain required bins for disposal of compostable plastic straws.,nyc,18
Food prepared from ingredients at ambient temperature not cooled to 41º F or below within 4 hours.,nyc,18
"Order or notice posted or required to be posted by the Department mutilated, obstructed or removed.",nyc,17
Commercially processed pre-cooked TCS in hermetically sealed containers and precooked TCS in intact packages from non-retail food processing establishments not heated to 140 °F within 2 hours of removal from container or package.,nyc,17
"Unapproved outdoor, street or sidewalk cooking.",nyc,17
"Covered garbage receptacle not provided or inadequate, except that garbage receptacle may be uncovered during active use. Garbage storage area not properly constructed or maintained; grinder or compactor dirty.",nyc,17
"Bulb not shielded or shatterproof, in areas where there is extreme heat, temperature changes, or where accidental contact may occur.",nyc,16
"Design, construction, materials used or maintenance of food contact surface improper.  Surface not easily cleanable, sanitized and maintained.  Culinary sink or other acceptable method not provided for washing food.",nyc,14
Lighting Inadequate,nyc,13
"Failure to comply with an order of the Board of Health, Commissioner or Department.",nyc,13
Duties of an officer of the Department interfered with or obstructed.,nyc,12
"Current valid permit, registration or other authorization to operate a Food Service Establishment (FSE) or Non-retail Food Processing Establishment (NRFP) not available.",nyc,10
Food not cooked to required minimum temperature.,nyc,9
Food worker or vendor working or is knowingly or negligently permitted to work in FSE while afflicted with infected wound or reportable communicable disease. No spitting allowed. Spitting anywhere in the establishment is prohibited.,nyc,8
Warning sign re dangers of hookah smoking not posted at or on each public entryway to Non-Tobacco Hookah Establishment (NTHE) patron,nyc,8
"Letter grade or Grade Pending card removed, destroyed, modified, obscured, or otherwise tampered with",nyc,7
"Manufacture of frozen dessert not authorized on Food Service Establishment permit. Milk or milk product undated, improperly dated or expired.",nyc,6
"A food containing artificial trans-fat, with 0.5 grams or more of trans fat per serving, is being stored, distributed, held for service, used in preparation of a menu item, or served.",nyc,6
Unpasteurized milk or milk product (except certain aged cheese) served.,nyc,5
"Failure to provide a single-use, non-compostable plastic straw upon request.",nyc,5
Prohibited drink listed on children's meal menu,nyc,5
Food contact surface improperly constructed or located. Unacceptable material used.,nyc,5
"Toxic chemical improperly labeled, stored or used such that food contamination may occur.",nyc,5
Sewage disposal system improper or unapproved.,nyc,5
Permit not conspicuously displayed.,nyc,5
Sale or use of certain expanded polystyrene items restricted,nyc,5
Raw fruit or vegetable not properly washed prior to cutting or serving.,nyc,4
"Required nutritional information statement not posted (2,000 calories per day).",nyc,4
"Harmful, noxious gas or vapor detected. CO =13 ppm.",nyc,4
Records and logs not maintained to show that approved HACCP plan has been properly implemented.,nyc,4
"Food package (including canned food product or hermetically sealed container) not in good condition to the degree contents are not suitable for human consumption. Package is swollen, leaking or rusted, without “DO NOT USE” label or not segregated from consumable food items.",nyc,4
Required calorie information not posted/improperly posted.,nyc,3
Food allergy information poster not posted in language understood by all food workers.,nyc,3
Workplace SFAA policy not prominently posted in workplace,nyc,3
Sodium Warning - Statement,nyc,3
ROP processing equipment not approved by DOHMH.,nyc,3
Food not labeled in accordance with the approved HACCP plan,nyc,3
Non-TCS food that has been served to the public being re-served. (Does not apply to wrapped foods where the wrapper seal has not been broken or opened).,nyc,2
"Sodium Warning icon posted on menus, menu boards or food tags for food items that contain 2300mg or more of sodium is not a black and white equilateral triangle; or the  equilateral triangle is not as wide as it is tall, or is not equal in height to the largest letter in the food item’s name, as displayed on the menu, menu board, or tag.",nyc,2
"Sale of tobacco products, herbal cigarettes, liquid nicotine, shisha, rolling papers or smoking paraphernalia to minors prohibited",nyc,2
No Smoking permitted in an area where it is prohibited,nyc,2
Organics mixed with non-organic material,nyc,2
"Precooked potentially hazardous food from commercial food processing establishment that is supposed to be heated, but is not heated to 140º F within 2 hours.",nyc,2
"Notice of the Department of Board of Health mutilated, obstructed, or removed.",nyc,1
Sign prohibiting entry of persons under 21 years of age not posted at public entryway to Non-Tobacco Hookah Establishment (NTHE),nyc,1
Sodium Warning - Icon not compliant,nyc,1
Potable water supply inadequate. Water or ice not potable or from unapproved source. Cross connection in potable water supply system observed.,nyc,1
Food allergy poster not approved by the Department of Health and Mental Hygiene.,nyc,1
Failure to post signage in organics collection area.,nyc,1
"""No Smoking"" sign not posted with ashtrays in hotel or motels, or at hotel or motels entrances.",nyc,1
"Canned food product observed swollen, leaking or rusted, and not segregated from other consumable food items.",nyc,1
"Meat, fish or molluscan shellfish served raw or undercooked without prior notification to customer.",nyc,1
"Eggs found dirty/cracked; liquid, frozen or powdered eggs not pasteurized.",nyc,1
Refrigeration unit used to implement HACCP plan not equipped with an electronic system that continuously monitors time and temperature.,nyc,1
Sign lettering and color does not meet specifications.,nyc,1
Organics containers not provided,nyc,1
Sodium Warning - Icon not posted,nyc,1
